buy,495962.6,1652027180.4302807
buy,491925.39999999997,1652027180.435466
buy,487887.99999999994,1652027180.44242
sell,491925.39999999997,1652027180.4471378
sell,495963.39999999997,1652027180.4530911
sell,500000.8,1652027180.458859
buy,495962.6,1652027180.4646127
buy,491925.0,1652027180.469437
buy,487887.2,1652027180.4769976
sell,491925.0,1652027180.484905
sell,495963.0,1652027180.491034
buy,491925.8,1652027180.498101
buy,487888.2,1652027180.5034053
buy,483850.0,1652027180.508154
sell,487888.2,1652027180.5128753
sell,491926.4,1652027180.5210228
buy,487888.0,1652027180.5273616
buy,483850.2,1652027180.5322757
buy,479812.0,1652027180.537093
sell,483850.4,1652027180.5418012
buy,479812.60000000003,1652027180.547629
buy,475774.2,1652027180.5538023
buy,471736.2,1652027180.5602117
buy,467698.2,1652027180.565113
sell,471736.60000000003,1652027180.5696335
buy,467698.60000000003,1652027180.5755453
buy,463660.2,1652027180.5809119
sell,467698.0,1652027182.8045726
buy,463659.8,1652027183.1305707
sell,467697.6,1652027183.4394197
buy,463659.8,1652027183.7366374
buy,459621.39999999997,1652027184.324655
buy,455583.19999999995,1652027184.6231394
sell,459620.99999999994,1652027184.9283595
buy,455582.79999999993,1652027185.2276878
sell,459620.3999999999,1652027185.8053844
buy,455582.3999999999,1652027186.384104
sell,459620.3999999999,1652027186.6817267
buy,455582.1999999999,1652027186.9727461
sell,459620.3999999999,1652027187.2716565
buy,455581.9999999999,1652027187.5511699
sell,459620.3999999999,1652027187.8313878
buy,455581.3999999999,1652027188.669862
sell,459620.3999999999,1652027188.9554243
buy,455581.5999999999,1652027189.519501
sell,459620.1999999999,1652027189.8111515
buy,455581.3999999999,1652027190.964192
buy,451542.3999999999,1652027191.2473562
sell,455581.1999999999,1652027191.5266783
sell,459619.9999999999,1652027192.1473198
buy,455580.9999999999,1652027192.462434
sell,459619.7999999999,1652027192.777184
sell,463658.59999999986,1652027193.071585
sell,467697.59999999986,1652027193.373071
sell,471736.39999999985,1652027193.9378812
buy,467697.39999999985,1652027194.5533767
sell,471736.19999999984,1652027194.863723
sell,475775.19999999984,1652027195.1656907
buy,471736.19999999984,1652027195.469572
sell,475775.59999999986,1652027195.7656128
sell,479814.59999999986,1652027196.349004
sell,483853.59999999986,1652027196.6291788
sell,487892.59999999986,1652027196.9245405
sell,491931.39999999985,1652027197.8498795
buy,487892.59999999986,1652027199.0003774
sell,491931.19999999984,1652027199.3089795
sell,495969.7999999998,1652027199.6214135
sell,500008.5999999998,1652027200.2664719
buy,495969.7999999998,1652027200.5869792
buy,491931.19999999984,1652027201.8019536
sell,495969.9999999998,1652027202.3954384
sell,500008.5999999998,1652027202.6799767
buy,495969.9999999998,1652027202.9797916
sell,500008.5999999998,1652027203.2563608
buy,495969.9999999998,1652027203.832826
buy,491931.39999999985,1652027205.412349
sell,495969.7999999999,1652027205.9903417
buy,491931.1999999999,1652027206.8760183
sell,495969.3999999999,1652027207.4810488
sell,500007.5999999999,1652027208.3522801
buy,495969.1999999999,1652027208.9672809
buy,491930.9999999999,1652027210.482949
sell,495968.9999999999,1652027212.0018005
buy,491930.9999999999,1652027212.6129768
buy,487893.3999999999,1652027212.9167957
sell,491931.3999999999,1652027213.2212608
sell,495968.9999999999,1652027213.5287619
sell,500006.59999999986,1652027214.128125
buy,495969.19999999984,1652027216.2316961
buy,491932.19999999984,1652027216.5429332
sell,495969.39999999985,1652027217.1824129
sell,500006.59999999986,1652027217.7964368
buy,495968.7999999999,1652027218.3714657
sell,500006.1999999999,1652027218.6699288
buy,495968.1999999999,1652027222.8893209
buy,491930.1999999999,1652027223.51189
buy,487891.9999999999,1652027223.8191192
sell,491929.7999999999,1652027224.1307077
buy,487892.1999999999,1652027225.4191172
sell,491929.7999999999,1652027225.7296088
buy,487891.9999999999,1652027226.6436894
buy,483854.1999999999,1652027227.87403
buy,479816.1999999999,1652027228.808998
buy,475778.3999999999,1652027229.723125
sell,479816.1999999999,1652027230.6824336
sell,483854.3999999999,1652027231.9134805
sell,487891.9999999999,1652027232.5154247
sell,491930.1999999999,1652027233.1212685
sell,495968.3999999999,1652027233.4289935
sell,500006.5999999999,1652027233.741798
buy,495968.5999999999,1652027235.5728157
sell,500006.5999999999,1652027237.0869474
buy,495968.5999999999,1652027237.3924103
buy,491930.79999999993,1652027238.359809
buy,487892.99999999994,1652027238.6651773
buy,483855.39999999997,1652027238.9587755
sell,487892.8,1652027239.5523727
sell,491930.2,1652027239.8864102
buy,487892.8,1652027240.198259
sell,491930.39999999997,1652027240.4891217
sell,495967.99999999994,1652027240.7903504
sell,500005.5999999999,1652027241.081347
buy,495968.5999999999,1652027244.1128027
buy,491931.5999999999,1652027248.2740796
buy,487894.79999999993,1652027248.57859
sell,491931.99999999994,1652027249.4765215
sell,495969.19999999995,1652027249.7937706
sell,500006.6,1652027250.113488
buy,495969.19999999995,1652027257.0821419
sell,500006.6,1652027257.3753335
buy,495968.6,1652027259.2490242
sell,500006.6,1652027259.572525
buy,495969.19999999995,1652027263.0093842
buy,491931.99999999994,1652027263.3225217
buy,487894.79999999993,1652027263.6195178
buy,483857.5999999999,1652027263.917596
buy,479819.99999999994,1652027264.5338106
buy,475782.39999999997,1652027264.8625226
buy,471744.8,1652027265.1877377
sell,475782.8,1652027266.145989
sell,479820.8,1652027267.0775957
sell,483859.0,1652027267.3859558
sell,487897.0,1652027267.6905503
sell,491934.8,1652027267.99104
buy,487897.0,1652027268.291314
sell,491934.8,1652027268.582976
sell,495973.2,1652027269.1964014
sell,500011.2,1652027269.5118265
buy,495973.60000000003,1652027280.4378471
sell,500011.2,1652027280.7346575
buy,495973.60000000003,1652027281.314676
sell,500011.2,1652027281.607022
buy,495973.60000000003,1652027282.190574
sell,500011.2,1652027282.4790154
buy,495973.60000000003,1652027283.3775892
buy,491935.80000000005,1652027283.68922
sell,495973.4,1652027284.0017927
sell,500011.2,1652027284.3156004
buy,495973.60000000003,1652027286.9493318
buy,491935.60000000003,1652027289.0669916
sell,495973.00000000006,1652027289.6915586
sell,500010.4000000001,1652027289.991225
buy,495973.00000000006,1652027295.7687047
buy,491935.20000000007,1652027296.0732176
buy,487897.4000000001,1652027296.388809
sell,491934.8000000001,1652027300.135384
sell,495972.2000000001,1652027300.4122458
sell,500009.60000000015,1652027300.6942637
buy,495972.40000000014,1652027302.541009
sell,500009.80000000016,1652027302.8377366
buy,495972.60000000015,1652027304.0674498
sell,500009.80000000016,1652027304.3825872
buy,495973.0000000002,1652027308.3429432
sell,500010.0000000002,1652027311.0641234
buy,495973.80000000016,1652027313.2212715
sell,500010.2000000002,1652027313.5199933
buy,495973.6000000002,1652027318.7281468
buy,491936.8000000002,1652027319.3165991
buy,487900.00000000023,1652027319.6320128
buy,483863.20000000024,1652027319.9619794
sell,487899.8000000002,1652027320.290337
sell,491936.8000000002,1652027320.6066525
sell,495973.4000000002,1652027320.9360726
sell,500010.4000000002,1652027321.258075
buy,495972.6000000002,1652027328.134931
sell,500010.2000000002,1652027328.4271066
buy,495972.4000000002,1652027330.8435833
buy,491934.8000000002,1652027331.144713
buy,487897.20000000024,1652027331.4515812
buy,483859.60000000027,1652027331.754677
buy,479821.8000000003,1652027332.059554
sell,483859.40000000026,1652027332.944211
sell,487896.8000000003,1652027333.2487822
sell,491934.40000000026,1652027333.5589423
sell,495972.00000000023,1652027333.8584828
sell,500009.6000000002,1652027334.172586
buy,495972.4000000002,1652027340.863527
buy,491935.2000000002,1652027341.1957335
buy,487898.0000000002,1652027341.5264997
buy,483860.80000000016,1652027341.85341
buy,479823.60000000015,1652027342.174043
buy,475786.40000000014,1652027342.4912734
sell,479823.80000000016,1652027342.8127131
sell,483861.2000000002,1652027343.1371555
sell,487898.6000000002,1652027343.4606004
sell,491936.00000000023,1652027343.7691321
sell,495973.40000000026,1652027344.0721655
sell,500010.8000000003,1652027344.3677795
buy,495973.40000000026,1652027348.2800806
sell,500010.60000000027,1652027348.573942
buy,495973.60000000027,1652027354.5273688
buy,491936.60000000027,1652027354.8531997
buy,487899.40000000026,1652027355.1880043
buy,483862.20000000024,1652027355.5145524
sell,487899.20000000024,1652027355.8345993
sell,491936.20000000024,1652027356.1627893
sell,495973.20000000024,1652027356.4725661
sell,500010.20000000024,1652027356.7714007
buy,495973.60000000027,1652027364.6657786
buy,491936.60000000027,1652027364.9834518
buy,487899.60000000027,1652027365.2759416
buy,483862.8000000003,1652027365.5875628
buy,479826.0000000003,1652027365.8890774
sell,483862.8000000003,1652027366.506843
sell,487899.60000000027,1652027366.8020408
sell,491936.8000000003,1652027367.1197145
sell,495974.0000000003,1652027367.4124053
sell,500011.2000000003,1652027367.7343528
buy,495974.0000000003,1652027368.9952955
sell,500010.8000000003,1652027369.3176866
buy,495973.40000000026,1652027374.5901175
sell,500010.8000000003,1652027374.8914173
buy,495973.8000000003,1652027379.746458
buy,491936.8000000003,1652027380.0369763
buy,487899.60000000027,1652027380.3243997
sell,491936.60000000027,1652027380.619
sell,495973.8000000003,1652027380.9296696
sell,500010.8000000003,1652027381.237141
buy,495973.2000000003,1652027390.3586369
buy,491935.6000000003,1652027390.659028
buy,487897.80000000034,1652027390.9618356
sell,491935.4000000003,1652027392.139664
sell,495973.4000000003,1652027392.4456692
sell,500011.4000000003,1652027392.7635782
buy,495973.80000000034,1652027399.5545816
sell,500012.00000000035,1652027399.8710957
buy,495973.6000000003,1652027403.242442
sell,500012.00000000035,1652027403.5583193
buy,495973.00000000035,1652027413.2040827
buy,491934.00000000035,1652027413.4963102
sell,495973.20000000036,1652027413.7876706
sell,500012.4000000004,1652027414.1201005
buy,495972.4000000004,1652027424.417884
buy,491932.8000000004,1652027424.735485
sell,495972.4000000004,1652027425.0605516
sell,500012.00000000035,1652027425.369972
buy,495973.00000000035,1652027434.3895824
buy,491933.4000000004,1652027434.7019627
buy,487894.6000000004,1652027435.0171325
sell,491933.8000000004,1652027435.33016
sell,495972.8000000004,1652027435.6308837
sell,500012.6000000004,1652027435.9474022
buy,495973.20000000036,1652027448.142466
buy,491933.6000000004,1652027448.4525387
sell,495973.20000000036,1652027448.755593
sell,500012.6000000004,1652027449.0676012
buy,495973.8000000004,1652027458.7950008
buy,491935.0000000004,1652027459.1202307
sell,495973.8000000004,1652027459.4236085
sell,500012.6000000004,1652027459.7233942
buy,495974.6000000004,1652027468.790729
buy,491936.20000000036,1652027469.0785918
sell,495974.6000000004,1652027469.366797
sell,500012.4000000004,1652027469.9492295
buy,495974.6000000004,1652027479.423601
buy,491936.8000000004,1652027479.7227404
sell,495974.6000000004,1652027480.0122864
sell,500012.20000000036,1652027480.8455253
buy,495974.6000000004,1652027487.3558748
sell,500012.0000000004,1652027487.6755896
buy,495974.40000000043,1652027487.9934006
sell,500011.80000000045,1652027488.2901525
buy,495974.40000000043,1652027488.6014807
buy,491936.80000000045,1652027489.212666
sell,495974.40000000043,1652027489.7845724
sell,500011.80000000045,1652027490.0754476
buy,495974.80000000045,1652027493.3227339
sell,500012.00000000047,1652027493.6462302
buy,495975.00000000047,1652027503.7755373
buy,491937.80000000045,1652027504.068663
sell,495974.80000000045,1652027504.3632145
sell,500011.80000000045,1652027504.6626358
buy,495975.2000000005,1652027507.759418
sell,500012.2000000005,1652027508.065998
buy,495975.80000000045,1652027518.1310678
buy,491939.2000000005,1652027518.4339924
sell,495975.4000000005,1652027518.7531514
sell,500011.8000000005,1652027519.0730345
buy,495975.6000000005,1652027522.9738421
sell,500011.4000000005,1652027523.2763634
buy,495976.4000000005,1652027532.7002413
buy,491941.00000000047,1652027533.015786
sell,495976.00000000047,1652027533.3270912
sell,500011.00000000047,1652027533.633888
buy,495976.00000000047,1652027533.9360888
sell,500011.00000000047,1652027534.2363558
buy,495975.4000000005,1652027535.4620013
buy,491940.2000000005,1652027536.0638523
sell,495975.2000000005,1652027536.3639553
sell,500010.4000000005,1652027536.6735392
buy,495975.4000000005,1652027540.525566
sell,500010.2000000005,1652027540.821972
buy,495975.2000000005,1652027541.1290474
buy,491940.4000000005,1652027541.44114
buy,487905.4000000005,1652027541.7429788
sell,491939.8000000005,1652027542.6696546
sell,495973.8000000005,1652027543.3163044
sell,500009.0000000005,1652027543.9333646
buy,495977.40000000055,1652027545.4381268
sell,500007.60000000056,1652027545.7534306
buy,495978.0000000006,1652027549.609978
sell,500007.4000000006,1652027549.915564
buy,495975.6000000006,1652027558.9872942
buy,491943.6000000006,1652027559.2851048
buy,487911.6000000006,1652027559.5896783
sell,491944.4000000006,1652027559.9040265
sell,495977.2000000006,1652027560.2001715
sell,500010.0000000006,1652027560.4986928
buy,495976.2000000006,1652027573.9756713
buy,491942.4000000006,1652027574.27039
sell,495976.2000000006,1652027574.555888
sell,500010.0000000006,1652027574.8461185
buy,495976.2000000006,1652027584.5997431
buy,491942.6000000006,1652027584.9072418
sell,495976.2000000006,1652027585.2107759
sell,500009.80000000057,1652027585.5127869
buy,495975.80000000057,1652027594.8664482
buy,491941.60000000056,1652027595.1711178
buy,487907.40000000055,1652027595.4789171
sell,491941.60000000056,1652027595.7821558
sell,495975.80000000057,1652027596.1037874
sell,500010.0000000006,1652027596.4339862
buy,495975.60000000056,1652027606.3183126
buy,491941.40000000055,1652027606.6253119
buy,487906.80000000057,1652027606.9312885
sell,491941.60000000056,1652027607.2339084
sell,495976.40000000055,1652027607.5338347
sell,500011.40000000055,1652027607.8243742
buy,495975.40000000055,1652027619.3419392
buy,491939.80000000057,1652027619.638824
sell,495975.80000000057,1652027619.9413476
sell,500012.0000000006,1652027620.2416594
buy,495975.2000000006,1652027630.812674
buy,491938.4000000006,1652027631.1052513
sell,495975.2000000006,1652027631.9870381
sell,500012.0000000006,1652027632.284929
buy,495976.60000000056,1652027640.9909794
buy,491941.20000000054,1652027641.2940998
sell,495976.8000000005,1652027642.186524
sell,500012.0000000005,1652027642.495473
buy,495977.40000000055,1652027651.8398416
buy,491942.80000000057,1652027652.1421072
sell,495977.80000000057,1652027653.0520275
sell,500012.80000000057,1652027653.354719
buy,495978.80000000057,1652027664.4163675
buy,491945.0000000006,1652027664.7177517
sell,495979.0000000006,1652027665.0247016
sell,500013.4000000006,1652027665.3346772
buy,495979.4000000006,1652027676.2392056
sell,500012.4000000006,1652027677.1910717
buy,495979.4000000006,1652027686.2643082
buy,491946.8000000006,1652027686.5640116
buy,487914.00000000064,1652027687.5088825
sell,491946.6000000006,1652027687.8314285
sell,495979.2000000006,1652027688.1404605
sell,500011.80000000057,1652027688.4291785
buy,495980.0000000006,1652027693.7560158
sell,500011.80000000057,1652027694.052789
buy,495982.0000000006,1652027703.589024
buy,491952.4000000006,1652027703.8925796
sell,495982.0000000006,1652027704.1995158
sell,500011.60000000056,1652027704.4883883
buy,495982.0000000006,1652027704.8009274
sell,500011.60000000056,1652027705.109074
buy,495982.60000000056,1652027706.3656917
sell,500011.0000000006,1652027706.9892097
buy,495981.80000000057,1652027711.192647
sell,500011.40000000055,1652027711.4819794
buy,495982.0000000005,1652027722.1302483
buy,491953.0000000005,1652027722.437637
sell,495982.0000000005,1652027723.3983798
sell,500011.0000000005,1652027723.7127233
buy,495982.8000000005,1652027732.2995374
sell,500011.0000000005,1652027732.5813382
buy,495980.6000000005,1652027741.9774418
buy,491949.8000000005,1652027742.271337
sell,495980.6000000005,1652027742.5824122
sell,500011.4000000005,1652027742.8847556
buy,495979.00000000047,1652027752.9981232
buy,491946.4000000005,1652027753.2901428
sell,495978.8000000005,1652027753.5808125
sell,500011.20000000054,1652027753.8902645
buy,495977.0000000005,1652027760.6753318
sell,500011.20000000054,1652027760.983785
buy,495976.8000000005,1652027762.4676998
sell,500011.6000000005,1652027763.34047
buy,495976.8000000005,1652027763.6379006
sell,500012.0000000005,1652027763.9302955
buy,495978.6000000005,1652027774.353839
buy,491944.8000000005,1652027774.6874437
sell,495979.20000000054,1652027775.6411426
sell,500013.60000000056,1652027775.9698417
buy,495979.40000000055,1652027788.2594347
buy,491945.20000000054,1652027788.5486794
sell,495979.40000000055,1652027788.839456
sell,500013.40000000055,1652027789.1259582
buy,495978.20000000054,1652027792.8279512
sell,500013.40000000055,1652027793.1650662
buy,495978.80000000057,1652027802.8716838
buy,491944.2000000006,1652027803.182056
sell,495979.0000000006,1652027803.4712167
sell,500013.80000000057,1652027803.7628222
buy,495977.0000000006,1652027813.784987
buy,491940.4000000006,1652027814.099625
buy,487903.6000000006,1652027814.9916756
sell,491940.2000000006,1652027815.2952666
sell,495977.0000000006,1652027815.6172345
sell,500013.4000000006,1652027815.9153664
buy,495977.0000000006,1652027825.8810794
buy,491940.60000000056,1652027826.182302
buy,487904.20000000054,1652027826.483021
sell,491940.60000000056,1652027826.7704968
sell,495977.20000000054,1652027827.0701907
sell,500013.8000000005,1652027827.3832448
buy,495977.0000000005,1652027837.5340588
buy,491940.20000000054,1652027837.84882
sell,495976.8000000005,1652027838.77932
sell,500013.8000000005,1652027839.095252
buy,495978.4000000005,1652027847.9619052
sell,500013.8000000005,1652027848.284869
buy,495978.4000000005,1652027858.1446464
buy,491943.00000000047,1652027858.4397008
buy,487907.80000000045,1652027859.0335238
buy,483872.40000000043,1652027859.629909
buy,479837.2000000004,1652027860.2549171
buy,475802.0000000004,1652027861.2401114
sell,479837.2000000004,1652027861.564309
sell,483872.40000000043,1652027861.9018695
sell,487907.80000000045,1652027862.217128
sell,491943.2000000005,1652027862.519527
sell,495978.4000000005,1652027862.8205895
sell,500013.6000000005,1652027863.1258435
buy,495978.8000000005,1652027872.5118835
buy,491944.0000000005,1652027872.8155248
buy,487909.20000000054,1652027873.1307175
sell,491944.0000000005,1652027873.4467263
sell,495978.8000000005,1652027873.7585478
sell,500013.6000000005,1652027874.089097
buy,495978.8000000005,1652027878.0291755
sell,500013.8000000005,1652027878.3307998
buy,495978.4000000005,1652027888.332577
buy,491942.8000000005,1652027889.2455556
sell,495978.6000000005,1652027889.5457401
sell,500014.4000000005,1652027889.883887
buy,495978.8000000005,1652027890.8112993
sell,500014.4000000005,1652027891.1001277
buy,495978.4000000005,1652027900.8951235
buy,491942.4000000005,1652027901.219193
sell,495978.4000000005,1652027901.5407295
sell,500014.4000000005,1652027901.861672
buy,495978.2000000005,1652027902.4319828
sell,500014.6000000005,1652027902.7318797
buy,495977.8000000005,1652027912.5932612
buy,491941.6000000005,1652027912.8977742
sell,495978.0000000005,1652027913.2029762
sell,500014.8000000005,1652027913.5169373
buy,495978.0000000005,1652027924.190976
buy,491941.0000000005,1652027924.4993463
sell,495978.20000000054,1652027925.4523087
sell,500015.20000000054,1652027925.7606976
buy,495978.20000000054,1652027931.8913805
sell,500015.20000000054,1652027932.2162724
buy,495977.40000000055,1652027935.5130515
sell,500016.20000000054,1652027936.393422
buy,495978.40000000055,1652027938.1798944
sell,500015.80000000057,1652027938.4810412
buy,495977.2000000006,1652027941.7701797
sell,500015.80000000057,1652027942.0683026
buy,495978.2000000006,1652027952.462992
buy,491940.6000000006,1652027952.776354
sell,495978.2000000006,1652027953.08634
sell,500015.80000000057,1652027953.4045308
buy,495977.60000000056,1652027962.8879
buy,491939.60000000056,1652027963.1896653
sell,495977.60000000056,1652027963.487191
sell,500015.80000000057,1652027963.7884107
buy,495978.2000000006,1652027973.8693476
buy,491940.2000000006,1652027974.1962814
sell,495978.2000000006,1652027974.5213482
sell,500015.6000000006,1652027974.8515186
buy,495976.6000000006,1652027985.0363054
buy,491937.8000000006,1652027985.3696697
sell,495976.8000000006,1652027986.2936
sell,500015.6000000006,1652027986.5976574
buy,495976.4000000006,1652027993.539673
sell,500015.4000000006,1652027993.8537962
buy,495976.2000000006,1652027994.1600618
sell,500015.6000000006,1652027994.4542322
buy,495977.00000000064,1652028004.195866
buy,491938.40000000066,1652028004.4678566
sell,495976.40000000066,1652028004.759079
sell,500014.40000000066,1652028005.0429885
buy,495975.8000000007,1652028008.6078725
buy,491937.0000000007,1652028008.9005783
buy,487898.4000000007,1652028009.200218
sell,491937.0000000007,1652028009.509721
sell,495975.6000000007,1652028009.830255
sell,500014.20000000065,1652028010.160683
buy,495974.00000000064,1652028015.8892808
sell,500014.8000000006,1652028016.1929777
buy,495974.4000000006,1652028027.3473978
buy,491934.4000000006,1652028027.6564665
sell,495974.4000000006,1652028027.9620328
sell,500014.6000000006,1652028028.2713575
buy,495973.4000000006,1652028038.456318
sell,500014.4000000006,1652028039.3595462
buy,495973.4000000006,1652028041.4667003
sell,500014.4000000006,1652028042.07258
buy,495971.8000000006,1652028051.362014
buy,491929.20000000065,1652028051.6603556
buy,487886.40000000066,1652028052.5586371
buy,483843.8000000007,1652028052.8652894
buy,479801.2000000007,1652028053.1634362
buy,475758.60000000073,1652028053.7895916
buy,471716.00000000076,1652028054.3898826
buy,467673.20000000077,1652028054.702764
sell,471716.00000000076,1652028055.034348
sell,475758.80000000075,1652028055.367453
sell,479801.20000000077,1652028055.6977558
sell,483843.4000000008,1652028056.0161345
sell,487886.00000000076,1652028056.3294008
sell,491928.20000000077,1652028056.6417465
sell,495970.20000000077,1652028056.949608
sell,500012.20000000077,1652028057.2471066
buy,495969.80000000075,1652028065.4150794
buy,491927.4000000007,1652028065.7228534
sell,495969.80000000075,1652028066.9425678
sell,500012.00000000076,1652028067.24896
buy,495968.4000000008,1652028075.4637218
buy,491925.20000000077,1652028076.1071818
buy,487881.4000000008,1652028076.4198782
sell,491925.20000000077,1652028076.7327085
sell,495969.00000000076,1652028077.0465367
sell,500013.00000000076,1652028077.357805
buy,495967.00000000076,1652028088.3940625
buy,491921.20000000077,1652028088.6923776
sell,495967.6000000008,1652028089.5871065
sell,500013.6000000008,1652028089.8817487
buy,495968.0000000008,1652028100.6585686
buy,491922.6000000008,1652028100.9640045
sell,495967.8000000008,1652028101.261693
sell,500012.8000000008,1652028101.5506015
buy,495968.6000000008,1652028110.6485832
buy,491924.4000000008,1652028110.9595785
sell,495968.4000000008,1652028111.6023345
sell,500012.4000000008,1652028111.9036634
buy,495968.6000000008,1652028118.1454635
sell,500012.20000000077,1652028118.45169
buy,495968.6000000008,1652028119.344684
sell,500011.8000000008,1652028119.6337016
buy,495968.2000000008,1652028119.9223907
sell,500011.8000000008,1652028120.21798
buy,495968.2000000008,1652028122.6682117
sell,500011.8000000008,1652028122.964312
buy,495969.2000000008,1652028132.5078256
buy,491926.40000000084,1652028132.8010595
buy,487884.0000000008,1652028133.6952813
buy,483841.6000000008,1652028134.5815196
sell,487883.8000000008,1652028135.502976
sell,491926.8000000008,1652028136.1063244
sell,495970.2000000008,1652028136.4000401
sell,500013.60000000085,1652028136.695066
buy,495970.0000000009,1652028152.441683
buy,491927.0000000009,1652028152.7313628
sell,495970.4000000009,1652028153.0277424
sell,500014.0000000009,1652028153.31825
buy,495970.4000000009,1652028164.3057795
buy,491926.2000000009,1652028164.6065385
sell,495970.6000000009,1652028164.9073658
sell,500015.00000000093,1652028165.2154803
buy,495971.40000000095,1652028176.0209768
buy,491927.60000000097,1652028176.3155015
sell,495971.40000000095,1652028177.232132
sell,500015.20000000094,1652028177.5691426
buy,495971.60000000097,1652028187.0201223
buy,491928.20000000094,1652028187.3158178
sell,495971.60000000097,1652028188.2013118
sell,500015.20000000094,1652028188.50965
buy,495971.20000000094,1652028194.7968893
sell,500014.8000000009,1652028195.1005604
buy,495970.20000000094,1652028204.5580397
buy,491925.20000000094,1652028204.8603299
sell,495969.8000000009,1652028205.160585
sell,500015.4000000009,1652028205.4619296
buy,495970.4000000009,1652028216.0984778
buy,491925.2000000009,1652028216.3739536
sell,495970.4000000009,1652028216.6701288
sell,500015.6000000009,1652028216.9676983
buy,495970.4000000009,1652028226.8865862
buy,491925.2000000009,1652028227.1796908
sell,495970.4000000009,1652028227.451879
sell,500015.6000000009,1652028227.7341816
buy,495970.00000000093,1652028235.7365584
sell,500015.6000000009,1652028236.6021838
buy,495970.4000000009,1652028238.336856
sell,500015.6000000009,1652028238.903659
buy,495971.8000000009,1652028246.6141667
buy,491928.20000000094,1652028247.184107
buy,487884.60000000097,1652028247.7657895
buy,483840.800000001,1652028248.4177084
buy,479797.200000001,1652028249.0067403
sell,483841.200000001,1652028249.6216667
sell,487885.000000001,1652028249.9159606
sell,491928.400000001,1652028250.2303824
sell,495972.000000001,1652028250.5314424
sell,500015.60000000097,1652028250.8338854
buy,495972.20000000094,1652028259.776644
buy,491928.8000000009,1652028260.0709374
buy,487885.20000000094,1652028260.364748
sell,491928.60000000097,1652028260.6548965
sell,495972.000000001,1652028261.2462418
sell,500015.60000000097,1652028261.543087
buy,495972.000000001,1652028266.940986
sell,500015.60000000097,1652028267.239847
buy,495973.20000000094,1652028270.518528
sell,500015.8000000009,1652028270.8308282
buy,495973.00000000093,1652028280.9606283
buy,491930.20000000094,1652028281.2668307
sell,495973.20000000094,1652028282.1964915
sell,500015.8000000009,1652028282.500947
buy,495972.6000000009,1652028292.133761
buy,491929.6000000009,1652028293.0168862
sell,495972.6000000009,1652028293.3139837
sell,500015.2000000009,1652028293.6103745
buy,495972.0000000009,1652028298.570443
sell,500015.2000000009,1652028299.1834974
buy,495972.6000000009,1652028304.6038666
sell,500014.8000000009,1652028305.1964185
buy,495972.20000000094,1652028309.4893248
sell,500014.40000000095,1652028309.8173966
buy,495972.800000001,1652028313.5664861
sell,500014.40000000095,1652028313.8668637
buy,495972.800000001,1652028315.9683235
buy,491931.40000000095,1652028316.2642446
sell,495973.00000000093,1652028316.5631433
buy,491931.40000000095,1652028316.8549342
sell,495972.60000000097,1652028317.1585968
buy,491931.40000000095,1652028317.4514036
sell,495972.60000000097,1652028317.7530248
sell,500013.800000001,1652028318.0565827
buy,495972.800000001,1652028318.9367232
sell,500013.800000001,1652028319.230185
buy,495972.800000001,1652028319.5272925
sell,500014.200000001,1652028319.8240993
buy,495973.200000001,1652028320.4289088
sell,500014.200000001,1652028321.036229
buy,495972.600000001,1652028329.895437
sell,500013.80000000104,1652028330.1959453
buy,495973.00000000105,1652028339.5095158
buy,491932.20000000106,1652028339.8086963
sell,495973.00000000105,1652028340.1103172
sell,500014.4000000011,1652028340.4156406
buy,495972.8000000011,1652028351.2657893
buy,491931.0000000011,1652028351.5624602
sell,495972.8000000011,1652028351.8732736
sell,500014.6000000011,1652028352.1882386
buy,495970.6000000011,1652028361.8893368
buy,491927.0000000011,1652028362.1915486
sell,495970.40000000113,1652028362.4996686
sell,500014.40000000113,1652028362.8061466
buy,495970.40000000113,1652028373.3237076
buy,491926.40000000113,1652028373.6373072
sell,495970.0000000011,1652028373.9589036
sell,500013.8000000011,1652028374.2518997
buy,495969.4000000011,1652028383.2534823
buy,491925.00000000105,1652028383.561212
sell,495969.20000000106,1652028383.8641284
sell,500013.4000000011,1652028384.1606529
buy,495969.20000000106,1652028385.9820497
buy,491925.20000000106,1652028386.5766664
buy,487881.20000000106,1652028386.8813422
sell,491925.4000000011,1652028387.1755652
buy,487881.20000000106,1652028387.4799602
sell,491925.4000000011,1652028387.778215
sell,495969.6000000011,1652028388.075868
sell,500013.6000000011,1652028388.6560671
buy,495970.4000000011,1652028397.993828
buy,491927.4000000011,1652028398.2804766
sell,495969.8000000011,1652028399.519434
sell,500012.2000000011,1652028399.8469646
buy,495969.2000000011,1652028407.9278643
buy,491926.8000000011,1652028408.228095
sell,495969.0000000011,1652028408.8242645
sell,500011.2000000011,1652028409.137561
buy,495968.40000000113,1652028414.5630705
sell,500011.2000000011,1652028414.860172
buy,495968.60000000114,1652028423.8905826
buy,491925.80000000115,1652028424.187631
sell,495968.60000000114,1652028424.505813
sell,500011.40000000113,1652028424.8230581
buy,495968.80000000115,1652028434.7746108
buy,491926.2000000012,1652028435.084422
sell,495968.80000000115,1652028435.6931577
sell,500011.40000000113,1652028435.99913
buy,495969.40000000113,1652028441.0798817
sell,500011.40000000113,1652028441.6899388
buy,495969.2000000011,1652028446.6016757
sell,500011.40000000113,1652028447.2091067
buy,495968.60000000114,1652028451.9185336
sell,500011.40000000113,1652028452.238909
buy,495968.40000000113,1652028453.51747
buy,491925.40000000113,1652028453.830705
sell,495968.60000000114,1652028454.1500235
sell,500012.00000000116,1652028454.4892993
buy,495968.4000000012,1652028464.904202
buy,491924.8000000012,1652028465.199408
sell,495968.8000000012,1652028465.4884372
sell,500012.8000000012,1652028465.8036985
buy,495967.6000000012,1652028471.3458786
sell,500013.0000000012,1652028471.6738641
buy,495967.6000000012,1652028481.7798405
buy,491922.0000000012,1652028482.1040006
sell,495967.6000000012,1652028482.4064867
sell,500013.0000000012,1652028483.3510869
buy,495969.20000000123,1652028492.3886273
buy,491925.60000000126,1652028492.6683214
buy,487881.80000000127,1652028493.5221338
sell,491925.60000000126,1652028493.8257387
sell,495969.40000000125,1652028494.1184916
sell,500013.40000000125,1652028494.4173448
buy,495962.8,1652053268.305181
buy,491925.39999999997,1652053268.309588
buy,487887.99999999994,1652053268.3179772
sell,491925.39999999997,1652053268.3220565
buy,487887.39999999997,1652053268.3271325
sell,491924.8,1652053268.3313975
buy,487886.6,1652053268.3367689
sell,491924.0,1652053268.343394
buy,487886.2,1652053268.350914
sell,491924.0,1652053268.3679492
buy,487886.8,1652053268.376797
sell,491924.39999999997,1652053268.3815856
sell,495962.6,1652053268.3890214
buy,491924.6,1652053268.3944113
sell,495962.8,1652053268.3989415
buy,491924.39999999997,1652053268.4042735
sell,495962.19999999995,1652053268.4087443
buy,491923.99999999994,1652053268.4142985
sell,495962.39999999997,1652053268.418707
buy,491923.99999999994,1652053268.4264174
buy,487885.99999999994,1652053268.4333446
buy,483847.5999999999,1652053268.4381847
buy,479809.1999999999,1652053268.4449618
buy,475770.7999999999,1652053268.4493992
buy,471732.9999999999,1652053269.6308167
sell,475771.1999999999,1652053269.9560888
buy,471733.3999999999,1652053270.5627134
buy,467695.5999999999,1652053270.8613276
buy,463657.1999999999,1652053271.1614633
sell,467695.3999999999,1652053271.4571693
sell,471733.5999999999,1652053272.0669568
sell,475771.1999999999,1652053272.9848237
buy,471733.1999999999,1652053273.2854567
buy,467695.1999999999,1652053273.57133
sell,471733.3999999999,1652053274.2007046
buy,467694.9999999999,1652053274.5064812
sell,471733.3999999999,1652053274.7968535
buy,467695.1999999999,1652053275.0954416
sell,471733.9999999999,1652053275.393148
sell,475772.9999999999,1652053275.7147
sell,479811.7999999999,1652053276.3258688
sell,483850.59999999986,1652053276.6141114
sell,487889.19999999984,1652053276.9282322
buy,483850.59999999986,1652053277.2552533
sell,487889.39999999985,1652053277.5767336
buy,483850.59999999986,1652053278.2240112
buy,479811.59999999986,1652053278.5399048
sell,483850.39999999985,1652053278.8617558
sell,487889.7999999999,1652053279.1743586
sell,491928.59999999986,1652053279.4699528
sell,495967.39999999985,1652053280.0463052
sell,500006.19999999984,1652053280.361637
buy,495967.39999999985,1652053282.211339
sell,500006.39999999985,1652053282.50666
buy,495967.59999999986,1652053285.2020237
sell,500006.39999999985,1652053285.5028594
buy,495967.39999999985,1652053288.4712746
buy,491928.7999999999,1652053289.0817869
buy,487890.1999999999,1652053289.3877156
buy,483851.3999999999,1652053289.6886458
sell,487889.9999999999,1652053290.556397
buy,483851.3999999999,1652053290.8454235
sell,487889.9999999999,1652053291.1396139
buy,483851.3999999999,1652053291.449419
buy,479812.9999999999,1652053292.0711007
buy,475774.59999999986,1652053292.390355
sell,479813.19999999984,1652053292.7068021
sell,483851.59999999986,1652053293.0349343
buy,479813.19999999984,1652053293.6380944
buy,475774.9999999998,1652053293.926408
buy,471736.39999999985,1652053294.2363102
buy,467698.19999999984,1652053294.8559556
buy,463659.7999999998,1652053295.1693985
sell,467698.3999999998,1652053295.4847004
sell,471736.5999999998,1652053295.811324
buy,467698.1999999998,1652053296.120206
buy,463659.79999999976,1652053296.741224
sell,467698.39999999973,1652053297.0286562
sell,471736.59999999974,1652053297.9625976
sell,475774.79999999976,1652053298.2828252
buy,471736.59999999974,1652053298.594898
buy,467698.59999999974,1652053298.9008932
buy,463660.59999999974,1652053299.521294
sell,467698.39999999973,1652053299.811164
sell,471736.39999999973,1652053300.68189
buy,467698.79999999976,1652053301.2667913
sell,471736.39999999973,1652053301.5643802
sell,475773.9999999997,1652053301.8507245
sell,479811.5999999997,1652053302.1448312
sell,483848.7999999997,1652053302.4335465
sell,487886.3999999997,1652053302.729186
sell,491923.5999999997,1652053303.02665
sell,495960.7999999997,1652053303.3238552
sell,499997.7999999997,1652053304.2289956
buy,495960.7999999997,1652053307.890044
buy,491923.1999999997,1652053308.2123027
sell,495960.1999999997,1652053308.5176296
buy,491923.1999999997,1652053308.8231559
buy,487885.7999999997,1652053309.1127696
buy,483848.1999999997,1652053309.3981752
sell,487886.1999999997,1652053310.3459754
buy,483848.1999999997,1652053310.662029
buy,479810.1999999997,1652053310.9661083
sell,483848.39999999973,1652053311.2591588
sell,487886.1999999997,1652053311.5588531
buy,483848.39999999973,1652053311.8631885
buy,479810.39999999973,1652053312.1630008
sell,483847.9999999997,1652053312.4668732
sell,487885.5999999997,1652053312.7674537
buy,483847.9999999997,1652053313.0586681
sell,487885.7999999997,1652053313.6444035
buy,483847.9999999997,1652053313.9394805
buy,479810.1999999997,1652053314.2422867
sell,483847.9999999997,1652053315.1862211
buy,479809.9999999997,1652053315.7843094
sell,483847.9999999997,1652053316.0785193
sell,487885.7999999997,1652053316.3794348
sell,491923.7999999997,1652053316.6716166
sell,495961.5999999997,1652053316.9664676
buy,491923.5999999997,1652053317.26216
buy,487885.5999999997,1652053317.557406
sell,491923.3999999997,1652053317.88063
sell,495961.19999999966,1652053318.1912477
sell,499999.3999999997,1652053318.5032506
buy,495961.19999999966,1652053320.2995982
sell,499999.3999999997,1652053320.8894396
buy,495961.3999999997,1652053322.6613889
sell,499999.19999999966,1652053322.9532044
buy,495961.19999999966,1652053324.4074183
buy,491923.19999999966,1652053324.7116082
buy,487885.3999999997,1652053325.3314805
sell,491923.19999999966,1652053325.6472125
sell,495960.5999999997,1652053326.245282
sell,499997.9999999997,1652053326.83961
buy,495960.5999999997,1652053328.322032
buy,491922.9999999997,1652053328.629526
sell,495960.39999999973,1652053328.9268773
sell,499997.59999999974,1652053329.2220848
buy,495960.39999999973,1652053329.83606
buy,491923.1999999997,1652053330.1564262
buy,487885.9999999997,1652053330.4734797
buy,483848.9999999997,1652053330.7874138
buy,479811.9999999997,1652053331.1005988
buy,475774.9999999997,1652053331.405047
sell,479811.9999999997,1652053331.719417
buy,475774.9999999997,1652053332.0277212
buy,471737.9999999997,1652053332.6218724
buy,467701.1999999997,1652053332.9186752
buy,463664.1999999997,1652053333.5124822
buy,459627.1999999997,1652053333.8084972
sell,463664.1999999997,1652053334.098
buy,459626.9999999997,1652053334.3863745
buy,455589.9999999997,1652053334.7033758
buy,451552.9999999997,1652053335.0054135
sell,455589.7999999997,1652053335.585916
sell,459627.3999999997,1652053335.8854847
sell,463664.99999999965,1652053336.1786218
sell,467702.19999999966,1652053336.7615936
sell,471739.5999999997,1652053337.0481257
sell,475776.9999999997,1652053337.3410738
buy,471739.7999999997,1652053337.6485767
sell,475776.9999999997,1652053337.9351768
buy,471739.7999999997,1652053338.5123591
sell,475776.9999999997,1652053338.7995121
sell,479814.7999999997,1652053339.082319
sell,483852.5999999997,1652053339.372653
buy,479815.19999999966,1652053339.9435122
sell,483852.79999999964,1652053340.2439048
buy,479815.19999999966,1652053340.5309677
sell,483852.5999999997,1652053340.8339472
sell,487889.5999999997,1652053341.1323552
sell,491927.19999999966,1652053341.4368236
sell,495964.79999999964,1652053341.7550042
sell,500002.3999999996,1652053342.075574
buy,495964.9999999996,1652053343.6263041
sell,500002.3999999996,1652053343.9249487
buy,495964.79999999964,1652053345.6898823
sell,500002.79999999964,1652053345.993943
buy,495965.5999999996,1652053349.9556348
buy,491928.3999999996,1652053350.2454686
buy,487891.1999999996,1652053350.5510135
buy,483853.9999999996,1652053350.8616188
buy,479816.3999999996,1652053351.4876368
buy,475778.79999999964,1652053351.8082967
sell,479816.79999999964,1652053352.4022896
sell,483854.79999999964,1652053352.705276
buy,479816.79999999964,1652053352.9993737
sell,483854.79999999964,1652053353.306366
sell,487892.99999999965,1652053353.8767507
sell,491930.79999999964,1652053354.4455202
sell,495968.5999999996,1652053355.0416722
sell,500006.99999999965,1652053355.3342264
buy,495969.19999999966,1652053359.1920524
sell,500006.99999999965,1652053359.5222912
buy,495969.19999999966,1652053362.58921
buy,491931.5999999997,1652053362.9113345
buy,487893.7999999997,1652053363.2208195
buy,483855.7999999997,1652053363.5134454
buy,479817.5999999997,1652053364.1042407
buy,475779.5999999997,1652053364.4078307
sell,479817.3999999997,1652053364.717786
sell,483855.5999999997,1652053365.0341756
sell,487893.7999999997,1652053365.6864967
sell,491931.9999999997,1652053366.0032008
sell,495969.9999999997,1652053366.3034754
sell,500008.1999999997,1652053366.593851
buy,495970.39999999973,1652053370.1829069
sell,500007.9999999997,1652053370.4914804
buy,495970.39999999973,1652053373.5205784
buy,491932.79999999976,1652053374.1204565
sell,495970.39999999973,1652053374.415056
sell,500008.39999999973,1652053374.7181299
buy,495970.39999999973,1652053375.0066547
buy,491932.39999999973,1652053375.3026416
sell,495970.39999999973,1652053375.6015844
sell,500007.79999999976,1652053376.201956
buy,495970.1999999998,1652053377.1771107
sell,500007.5999999998,1652053377.489835
buy,495970.1999999998,1652053378.398338
sell,500007.79999999976,1652053379.0370986
buy,495970.39999999973,1652053380.8360202
sell,500007.79999999976,1652053381.136897
buy,495970.39999999973,1652053386.900668
sell,500007.79999999976,1652053387.205959
buy,495970.39999999973,1652053387.8007426
buy,491932.9999999997,1652053388.1157327
buy,487895.5999999997,1652053388.4213538
sell,491932.9999999997,1652053388.7116432
buy,487895.7999999997,1652053389.0160267
buy,483858.3999999997,1652053389.3116026
sell,487895.99999999965,1652053389.5988805
sell,491933.19999999966,1652053390.4822035
sell,495970.3999999997,1652053390.7831457
sell,500007.99999999965,1652053391.0771995
buy,495971.19999999966,1652053394.7725098
sell,500007.99999999965,1652053395.0905228
buy,495971.5999999996,1652053397.2091906
sell,500008.5999999996,1652053397.5111675
buy,495972.3999999996,1652053400.7692971
buy,491936.1999999996,1652053401.0526977
buy,487899.3999999996,1652053401.3346345
buy,483862.5999999996,1652053401.616662
buy,479825.79999999964,1652053401.9018245
sell,483862.5999999996,1652053402.1838427
sell,487899.3999999996,1652053402.4816134
sell,491936.1999999996,1652053402.7759562
